"GridSquares","6M","10M","12M","15M","17M","20M","30M","40M","80M","160M","","","","","","","","",""
"AE15","","","","","C","","","","","","","","","C","W","","","C","W"
"AE16","","C","","C","","","","C","","","","","","C","W","","","C","W"
"AG10","","C","C","","C","C","C","C","","","","","","C","W","","","C","W"
"AG28","","","","C","","","C","","","","","","","C","W","","","C","W"
"AH03","","C","","C","","C","","C","","","","","","C","W","","","C","W"
"AH16","","","","","C","C","","C","C","C","","","","C","W","","","C","W"
"AH48","","","C","C","C","C","C","C","C","","","","","C","W","","","C","W"
"AH50","","C","C","","C","","","","","","","","","C","W","","","C","W"
"AH51","","C","","","","","","","","","","","","C","W","","","C","W"
"AI47","","C","C","C","C","","C","","","","","","","C","W","","","C","W"
"BG08","","C","","C","","C","","","C","","","","","C","W","","","C","W"
"BG56","","","","","","C","","","","","","","","C","W","","","C","W"
"BG66","","","","","","","C","","","","","","","C","W","","","C","W"
"BH52","","C","C","C","C","C","","","","","","","","C","W","","","C","W"
"BI91","","C","C","C","C","","C","C","","","","","","C","W","","","C","W"
"BJ03","","","","C","C","C","","C","","","","","","C","W","","","C","W"
"BJ12","","C","C","C","C","C","C","C","C","","","","","C","W","","","C","W"
"BK29","","C","C","C","","C","","C","C","C","","","","C","W","","","C","W"
"BL01","","C","","C","","C","","C","C","C","","","","C","W","","","C","W"
"BL02","","","","C","","C","","","","","","","","C","W","","","C","W"
"BL10","","","","C","","C","","C","","","","","","C","W","","","C","W"
"BL11","","","","C","","C","","C","C","C","","","","C","W","","","C","W"
"BL20","","","","C","","","","","","","","","","C","W","","","C","W"
"BO49","","","","","","C","","","","","","","","C","W","","","C","W"
"BP40","","C","C","C","C","C","C","C","C","C","","","","C","W","","","C","W"
"BP42","","","","C","","C","","","","","","","","C","W","","","C","W"
"BP51","","C","","C","","C","","C","","","","","","C","W","","","C","W"
"BP53","","C","","C","","C","","","","","","","","C","W","","","C","W"
"BP61","","","","C","","C","","","C","","","","","C","W","","","C","W"
"BP64","","C","","C","","C","","C","","","","","","C","W","","","C","W"
"CG44","","C","C","C","C","","C","C","C","C","","","","C","W","","","C","W"
"CM79","C","","","","","","","","","","","","","C","W","","","C","W"
"CM86","","","","","","C","","","","","","","","C","W","","","C","W"
"CM87","C","C","","C","","C","","C","C","C","","","","C","W","","","C","W"
"CM88","C","C","","C","","C","","C","C","C","","","","C","W","","","C","W"
"CM89","C","C","","C","","C","","","","","","","","C","W","","","C","W"
"CM94","C","","","C","","C","","","","","","","","C","W","","","C","W"
"CM95","C","C","","C","","C","","C","C","","","","","C","W","","","C","W"
"CM96","W","C","","C","","C","","C","","","","","","C","W","","","C","W"
"CM97","C","C","","C","","C","","C","C","C","","","","C","W","","","C","W"
"CM98","C","C","","C","","C","","C","C","C","","","","C","W","","","C","W"
"CM99","C","C","","C","C","C","","C","C","C","","","","C","W","","","C","W"
"CN70","C","","","","","","","","","","","","","C","W","","","C","W"
"CN71","C","","","","","","","","","","","","","C","W","","","C","W"
"CN73","C","C","","","","C","","C","","","","","","C","W","","","C","W"
"CN78","C","","","","","","","","","","","","","C","W","","","C","W"
"CN79","C","C","","C","","C","","C","C","","","","","C","W","","","C","W"
"CN80","C","","","C","","C","","","","","","","","C","W","","","C","W"
"CN81","C","","","C","","C","","C","","","","","","C","W","","","C","W"
"CN82","","","","","","C","C","","C","","","","","C","W","","","C","W"
"CN84","C","C","","","","C","","C","C","C","","","","C","W","","","C","W"
"CN85","C","C","C","C","","C","","C","C","C","","","","C","W","","","C","W"
"CN86","C","","","","","C","","","","","","","","C","W","","","C","W"
"CN87","C","C","C","C","C","C","C","C","C","C","","","","C","W","","","C","W"
"CN88","C","C","","C","","C","","C","C","C","","","","C","W","","","C","W"
"CN89","W","C","","C","","C","","","C","C","","","","C","W","","","C","W"
"CN90","C","","","","","","","","","","","","","C","W","","","C","W"
"CN91","C","","","C","","C","","C","C","C","","","","C","W","","","C","W"
"CN93","C","","","","C","","","","","","","","","C","W","","","C","W"
"CN94","C","","","C","","C","","C","C","C","","","","C","W","","","C","W"
"CN96","C","","","","","","","","","","","","","C","W","","","C","W"
"CN97","C","","","","","C","","C","C","","","","","C","W","","","C","W"
"CN99","","C","","C","","C","","C","C","","","","","C","W","","","C","W"
"CO28","","","","C","","C","","C","","","","","","C","W","","","C","W"
"CO60","W","","","","","","","","","","","","","","W","","","","W"
"CO90","W","","","","","","","","","","","","","","W","","","","W"
"CP20","","","","C","","C","","C","","","","","","C","W","","","C","W"
"CP38","","","","C","","","","C","","","","","","C","W","","","C","W"
"DG52","","","","","C","C","C","","C","","","","","C","W","","","C","W"
"DH28","","","","","","C","","","","","","","","C","W","","","C","W"
"DK48","","C","C","C","C","C","C","C","C","C","","","","C","W","","","C","W"
"DK50","","C","C","C","C","C","C","C","","C","","","","C","W","","","C","W"
"DL44","","","","C","","C","","","","","","","","C","W","","","C","W"
"DL49","C","C","","C","","C","","C","C","C","","","","C","W","","","C","W"
"DL63","","","","","C","","","","","","","","","C","W","","","C","W"
"DL79","C","","","","","","","","","","","","","C","W","","","C","W"
"DL80","","C","","","","","","","","","","","","C","W","","","C","W"
"DL81","","C","","C","","C","","","C","","","","","C","W","","","C","W"
"DL82","C","","","","","","","","","","","","","C","W","","","C","W"
"DL90","","","","C","","","","","","","","","","C","W","","","C","W"
"DL91","","C","","C","","C","","C","","","","","","C","W","","","C","W"
"DL92","","","","","","C","","","","","","","","C","W","","","C","W"
"DL95","W","","","","","W","","","","","","","","","W","","","","W"
"DL99","C","","","","","C","","","C","","","","","C","W","","","C","W"
"DM03","C","C","","C","","C","","C","C","","","","","C","W","","","C","W"
"DM04","C","C","","C","","C","","C","C","","","","","C","W","","","C","W"
"DM05","C","","","","","","","","","","","","","C","W","","","C","W"
"DM06","C","C","","C","","C","","","C","","","","","C","W","","","C","W"
"DM07","C","","","C","","C","","C","","C","","","","C","W","","","C","W"
"DM08","C","","","","","","","","","","","","","C","W","","","C","W"
"DM09","C","C","","C","","C","","C","C","C","","","","C","W","","","C","W"
"DM12","C","C","","C","","C","","C","C","","","","","C","W","","","C","W"
"DM13","C","C","","C","W","C","","C","C","C","","","","C","W","","","C","W"
"DM14","C","C","","C","","C","","C","","C","","","","C","W","","","C","W"
"DM15","C","","","C","","","","","","","","","","C","W","","","C","W"
"DM16","C","","","","","","","","","","","","","C","W","","","C","W"
"DM17","C","","","","","","","","","","","","","C","W","","","C","W"
"DM22","C","C","","C","","C","","C","C","","","","","C","W","","","C","W"
"DM23","","","","","","C","","","","","","","","C","W","","","C","W"
"DM24","C","","","C","","","","","C","","","","","C","W","","","C","W"
"DM25","C","","","","","C","","C","","","","","","C","W","","","C","W"
"DM26","","","","C","W","C","","","","","","","","C","W","","","C","W"
"DM30","C","","","","","","","","","","","","","C","W","","","C","W"
"DM31","C","","","","","","","","","","","","","C","W","","","C","W"
"DM33","C","C","C","C","","C","","C","","","","","","C","W","","","C","W"
"DM34","C","","","","","C","","","C","","","","","C","W","","","C","W"
"DM35","C","","","C","C","C","","C","","C","","","","C","W","","","C","W"
"DM37","C","C","","C","","C","","C","C","","","","","C","W","","","C","W"
"DM41","C","C","","C","","C","","C","","C","","","","C","W","","","C","W"
"DM42","C","C","","C","","C","","C","C","C","","","","C","W","","","C","W"
"DM43","C","C","","C","","C","","C","C","C","","","","C","W","","","C","W"
"DM44","","C","","C","","","","","","","","","","C","W","","","C","W"
"DM45","C","","","C","","C","","","","","","","","C","W","","","C","W"
"DM46","C","","","","","","","","","","","","","C","W","","","C","W"
"DM49","","","","C","","","","C","C","","","","","C","W","","","C","W"
"DM51","","","","","","C","","","","","","","","C","W","","","C","W"
"DM52","C","","","C","","C","","C","C","C","","","","C","W","","","C","W"
"DM53","C","","","","","","","","","","","","","C","W","","","C","W"
"DM54","C","C","","","","","","","","","","","","C","W","","","C","W"
"DM55","W","","","","","","","C","","","","","","C","W","","","C","W"
"DM56","","","","C","","C","","C","","","","","","C","W","","","C","W"
"DM59","C","","","","","","","","","","","","","C","W","","","C","W"
"DM61","C","","","","","","","","","","","","","C","W","","","C","W"
"DM62","C","","","C","","C","","C","C","","","","","C","W","","","C","W"
"DM63","C","","","","","","","","","","","","","C","W","","","C","W"
"DM64","C","","","","","C","","C","","","","","","C","W","","","C","W"
"DM65","C","C","","C","","C","","C","C","C","","","","C","W","","","C","W"
"DM66","C","","","","","","","","C","C","","","","C","W","","","C","W"
"DM67","C","","","C","C","C","","C","","","","","","C","W","","","C","W"
"DM68","C","C","","C","","C","","C","C","","","","","C","W","","","C","W"
"DM69","C","","","C","","C","","C","","C","","","","C","W","","","C","W"
"DM70","C","","","","","","","","","","","","","C","W","","","C","W"
"DM72","C","","","","","C","","","","","","","","C","W","","","C","W"
"DM73","C","C","","C","","C","","","","","","","","C","W","","","C","W"
"DM75","C","","","","","","","","","","","","","C","W","","","C","W"
"DM77","C","","","","","C","","C","","","","","","C","W","","","C","W"
"DM78","C","C","","C","","C","","C","C","C","","","","C","W","","","C","W"
"DM79","C","","","C","","C","","C","C","C","","","","C","W","","","C","W"
"DM80","C","C","","C","","C","","C","C","","","","","C","W","","","C","W"
"DM81","C","","","","","","","C","","","","","","C","W","","","C","W"
"DM82","C","","","C","","C","","","","C","","","","C","W","","","C","W"
"DM83","C","","","","","","","","","","","","","C","W","","","C","W"
"DM84","C","C","","","","C","","C","C","","","","","C","W","","","C","W"
"DM85","W","","","","","","","","","","","","","","W","","","","W"
"DM87","C","","","","","","","","","","","","","C","W","","","C","W"
"DM88","C","","","","","","","","","","","","","C","W","","","C","W"
"DM89","C","","","","","","","","","","","","","C","W","","","C","W"
"DM90","C","","","","","","","","","","","","","C","W","","","C","W"
"DM91","C","","","","","","","C","C","","","","","C","W","","","C","W"
"DM92","C","C","","","","C","","C","","","","","","C","W","","","C","W"
"DM93","C","","","","","","","C","","","","","","C","W","","","C","W"
"DM94","W","","","","","","","","","","","","","","W","","","","W"
"DM95","C","","","C","","C","","","","","","","","C","W","","","C","W"
"DM96","C","","","","","","","","","","","","","C","W","","","C","W"
"DM97","W","","","","","","","","","","","","","","W","","","","W"
"DM98","C","","","","","","","","","","","","","C","W","","","C","W"
"DM99","C","","","","","C","","","","","","","","C","W","","","C","W"
"DN00","W","","","","","","","","","","","","","","W","","","","W"
"DN01","C","","","","","","","","","","","","","C","W","","","C","W"
"DN02","C","","","","","","","","","","","","","C","W","","","C","W"
"DN03","C","","","","","","W","","","","","","","C","W","","","C","W"
"DN05","W","","","","","","","","","","","","","","W","","","","W"
"DN06","","C","","C","","C","","","","","","","","C","W","","","C","W"
"DN07","","C","","","","","","","","","","","","C","W","","","C","W"
"DN08","C","","","","","C","","C","","","","","","C","W","","","C","W"
"DN09","C","","","","","C","","","","","","","","C","W","","","C","W"
"DN12","C","","","","","","","","","","","","","C","W","","","C","W"
"DN13","C","C","","C","","C","","C","C","","","","","C","W","","","C","W"
"DN14","W","C","","C","","C","","C","C","C","","","","C","W","","","C","W"
"DN15","","","","","","","","C","","","","","","C","W","","","C","W"
"DN16","","","","","","C","","","","","","","","C","W","","","C","W"
"DN17","C","C","","C","","C","","C","C","C","","","","C","W","","","C","W"
"DN18","C","","","C","","C","","","","C","","","","C","W","","","C","W"
"DN20","C","","","","","","","","","","","","","C","W","","","C","W"
"DN21","C","","","","","","","","","","","","","C","W","","","C","W"
"DN22","C","","","","","","","","","","","","","C","W","","","C","W"
"DN26","C","","","","","C","","","","","","","","C","W","","","C","W"
"DN27","C","","","","","","","","","","","","","C","W","","","C","W"
"DN28","C","","","","C","C","","","","","","","","C","W","","","C","W"
"DN30","C","C","","C","","","","C","","","","","","C","W","","","C","W"
"DN31","C","C","","C","","C","","","C","","","","","C","W","","","C","W"
"DN32","C","","","C","","C","","C","","","","","","C","W","","","C","W"
"DN33","C","C","","C","","C","","C","C","C","","","","C","W","","","C","W"
"DN35","C","","","","","","","","","","","","","C","W","","","C","W"
"DN36","C","","","C","","C","","","C","C","","","","C","W","","","C","W"
"DN37","","","","","","","","C","","","","","","C","W","","","C","W"
"DN38","C","","","","","","","","","","","","","C","W","","","C","W"
"DN40","C","C","","C","","C","","C","C","","","","","C","W","","","C","W"
"DN41","C","C","","C","","C","","C","C","C","","","","C","W","","","C","W"
"DN43","","","","","","C","","","","","","","","C","W","","","C","W"
"DN44","C","","","","","","","","","","","","","C","W","","","C","W"
"DN45","C","C","","C","","C","","C","C","C","","","","C","W","","","C","W"
"DN46","C","","","","","","","","","","","","","C","W","","","C","W"
"DN47","C","C","","C","","C","","C","C","C","","","","C","W","","","C","W"
"DN55","C","","","C","","C","","C","C","","","","","C","W","","","C","W"
"DN59","W","","","","","","","","","","","","","","W","","","","W"
"DN60","C","","","","","","","","","","","","","C","W","","","C","W"
"DN62","C","","","","","C","","","","","","","","C","W","","","C","W"
"DN70","C","","","C","C","C","","C","C","C","","","","C","W","","","C","W"
"DN71","C","","","C","","C","","C","C","C","","","","C","W","","","C","W"
"DN72","C","C","","","","","","","","","","","","C","W","","","C","W"
"DN74","C","C","","","","C","","C","C","","","","","C","W","","","C","W"
"DN77","C","","","","","","","","","","","","","C","W","","","C","W"
"DN78","","","","","","C","","","","","","","","C","W","","","C","W"
"DN79","","","","","","","","C","","","","","","C","W","","","C","W"
"DN80","C","","","","","","","","","","","","","C","W","","","C","W"
"DN81","C","","","","","C","","","","","","","","C","W","","","C","W"
"DN84","C","C","","C","","C","","C","","C","","","","C","W","","","C","W"
"DN85","C","","","","","","","","","","","","","C","W","","","C","W"
"DN86","C","","","C","","C","","","","","","","","C","W","","","C","W"
"DN87","C","","","","","","","","","","","","","C","W","","","C","W"
"DN89","","C","","C","","C","","","","","","","","C","W","","","C","W"
"DN90","C","","","","","","","","","","","","","C","W","","","C","W"
"DN91","C","","","","","","","","C","","","","","C","W","","","C","W"
"DN93","C","","","","","","","","","","","","","C","W","","","C","W"
"DN94","C","C","","","","C","","C","C","C","","","","C","W","","","C","W"
"DN96","C","","","","","","","C","","","","","","C","W","","","C","W"
"DN97","C","","","","","","","","C","","","","","C","W","","","C","W"
"DN98","","","","","","C","","C","","C","","","","C","W","","","C","W"
"DO00","C","C","","","","C","","","C","","","","","C","W","","","C","W"
"DO03","","","","","","C","","","","","","","","C","W","","","C","W"
"DO20","","C","","","C","C","","","","","","","","C","W","","","C","W"
"DO21","C","","","C","","C","","","","C","","","","C","W","","","C","W"
"DO23","C","","","","","","","","","","","","","C","W","","","C","W"
"DO30","","C","","","","C","","","","","","","","C","W","","","C","W"
"DO31","C","C","","","","C","","","C","","","","","C","W","","","C","W"
"DO33","C","C","","C","","C","","","","","","","","C","W","","","C","W"
"DO43","W","","","C","","","","","","C","","","","C","W","","","C","W"
"DO44","","","","C","","C","","","","","","","","C","W","","","C","W"
"DO51","C","","","","","","","","","","","","","C","W","","","C","W"
"DO53","","","","C","","","","","","","","","","C","W","","","C","W"
"DO61","C","","","","","","","","","","","","","C","W","","","C","W"
"DO62","","C","","","","C","","","","","","","","C","W","","","C","W"
"DP20","C","","","","","","","","","","","","","C","W","","","C","W"
"EI59","","C","","C","","C","C","C","C","","","","","C","W","","","C","W"
"EJ79","C","C","","C","","C","","C","C","C","","","","C","W","","","C","W"
"EJ89","W","","","","","","","","","","","","","","W","","","","W"
"EJ94","","C","C","C","C","C","C","C","C","C","","","","C","W","","","C","W"
"EK08","","","","","","","","C","","","","","","C","W","","","C","W"
"EK09","","","","C","C","C","","C","","C","","","","C","W","","","C","W"
"EK43","","","C","C","C","","","","","","","","","C","W","","","C","W"
"EK44","C","C","","","","W","","C","","","","","","C","W","","","C","W"
"EK53","","","C","C","","","","C","C","","","","","C","W","","","C","W"
"EK55","C","","C","C","","C","","C","C","","","","","C","W","","","C","W"
"EK56","C","","","","","C","","C","","","","","","C","W","","","C","W"
"EK57","C","C","","C","","C","","C","","C","","","","C","W","","","C","W"
"EK58","","","","","","","","","","C","","","","C","W","","","C","W"
"EK59","W","","","","","","","","","","","","","","W","","","","W"
"EK64","","","","C","","","","","","","","","","C","W","","","C","W"
"EK65","","","","C","","C","","C","C","C","","","","C","W","","","C","W"
"EK66","C","C","","C","","C","","C","C","C","","","","C","W","","","C","W"
"EK70","","C","","C","","C","","C","C","","","","","C","W","","","C","W"
"EK71","C","C","C","C","C","C","","C","C","C","","","","C","W","","","C","W"
"EK92","C","C","C","C","C","C","C","C","","","","","","C","W","","","C","W"
"EK99","C","C","C","","C","C","C","","C","C","","","","C","W","","","C","W"
"EL03","C","","","","","","","","","","","","","C","W","","","C","W"
"EL06","C","C","","C","","C","C","","C","","","","","C","W","","","C","W"
"EL07","C","","","","","","","","","","","","","C","W","","","C","W"
"EL08","C","","","","","","","","","","","","","C","W","","","C","W"
"EL09","C","C","","","W","C","","","C","","","","","C","W","","","C","W"
"EL15","C","","","","","","","","","","","","","C","W","","","C","W"
"EL16","C","","","","","","","C","","","","","","C","W","","","C","W"
"EL17","C","","","","","","","","","","","","","C","W","","","C","W"
"EL18","C","","","","","","","","","","","","","C","W","","","C","W"
"EL19","C","","","","","","","","","","","","","C","W","","","C","W"
"EL22","C","","","","","","","","","","","","","C","W","","","C","W"
"EL28","C","","","","","","","","","","","","","C","W","","","C","W"
"EL29","C","C","","C","","C","","C","C","C","","","","C","W","","","C","W"
"EL32","C","","","","","","","","","","","","","C","W","","","C","W"
"EL39","W","C","","","","","","","C","","","","","C","W","","","C","W"
"EL49","C","","","","","","","C","C","","","","","C","W","","","C","W"
"EL60","C","","","","","","","","","","","","","C","W","","","C","W"
"EL61","C","","","","","C","","C","","","","","","C","W","","","C","W"
"EL83","C","","","","","C","","C","","","","","","C","W","","","C","W"
"EL84","C","","","","","","","","","","","","","C","W","","","C","W"
"EL86","C","C","","","","C","","C","C","","","","","C","W","","","C","W"
"EL87","C","C","","C","","C","","C","C","C","","","","C","W","","","C","W"
"EL88","C","C","","","","","","C","C","C","","","","C","W","","","C","W"
"EL89","","","","","","","","C","","C","","","","C","W","","","C","W"
"EL93","W","","","","","","","","C","","","","","C","W","","","C","W"
"EL94","C","","","","","","","","C","","","","","C","W","","","C","W"
"EL95","C","","","","","C","","","C","","","","","C","W","","","C","W"
"EL96","C","C","","C","","C","","C","C","C","","","","C","W","","","C","W"
"EL97","C","C","","","","C","","C","C","C","","","","C","W","","","C","W"
"EL98","C","","","C","","C","","C","C","C","","","","C","W","","","C","W"
"EL99","C","","","","","","","C","C","","","","","C","W","","","C","W"
"EM00","C","C","","C","","C","","C","C","C","","","","C","W","","","C","W"
"EM01","C","C","","","","","","","","","","","","C","W","","","C","W"
"EM02","C","","","","","","","","","W","","","","C","W","","","C","W"
"EM03","W","","","","","","","","","C","","","","C","W","","","C","W"
"EM04","C","C","","","","C","","C","C","","","","","C","W","","","C","W"
"EM05","C","","","","","","","","","","","","","C","W","","","C","W"
"EM06","C","","","","","","","","","","","","","C","W","","","C","W"
"EM07","C","","","","","","","","","","","","","C","W","","","C","W"
"EM08","C","","","","","","","","","","","","","C","W","","","C","W"
"EM09","C","","","","","C","","C","C","","","","","C","W","","","C","W"
"EM10","C","C","","C","","C","","C","C","C","","","","C","W","","","C","W"
"EM11","C","","","","","","","C","","","","","","C","W","","","C","W"
"EM12","C","C","","C","C","C","","C","C","C","","","","C","W","","","C","W"
"EM13","C","C","","C","","C","","C","C","C","","","","C","W","","","C","W"
"EM14","C","","","","","C","","","C","","","","","C","W","","","C","W"
"EM15","C","C","","","","C","","C","C","C","","","","C","W","","","C","W"
"EM16","C","","","","","C","","C","C","C","","","","C","W","","","C","W"
"EM17","C","C","","","","C","","C","C","","","","","C","W","","","C","W"
"EM18","C","C","","C","","C","","C","C","C","","","","C","W","","","C","W"
"EM19","C","C","","","","","","C","C","","","","","C","W","","","C","W"
"EM20","C","","","","","C","C","C","C","C","","","","C","W","","","C","W"
"EM21","C","","","","","C","","C","C","","","","","C","W","","","C","W"
"EM22","C","","","","","C","","C","","","","","","C","W","","","C","W"
"EM23","C","","","C","","C","","C","C","C","","","","C","W","","","C","W"
"EM24","C","","","","","C","","","C","","","","","C","W","","","C","W"
"EM25","C","","","","","","","C","C","C","","","","C","W","","","C","W"
"EM26","C","C","","","","C","","C","C","C","","","","C","W","","","C","W"
"EM27","C","C","","","","","","","C","","","","","C","W","","","C","W"
"EM28","C","C","","C","","C","","C","C","C","","","","C","W","","","C","W"
"EM29","C","C","","","","C","","C","C","C","","","","C","W","","","C","W"
"EM30","C","","","","","C","","C","C","C","","","","C","W","","","C","W"
"EM31","C","","","","","","","C","","","","","","C","W","","","C","W"
"EM32","C","","","","","C","","","C","","","","","C","W","","","C","W"
"EM33","C","","","","","","","","","","","","","C","W","","","C","W"
"EM34","C","C","","","","C","","C","C","","","","","C","W","","","C","W"
"EM35","C","","","","","","","C","C","","","","","C","W","","","C","W"
"EM36","C","","","","","C","","C","C","C","","","","C","W","","","C","W"
"EM37","C","","","","","C","","C","C","","","","","C","W","","","C","W"
"EM38","C","","","","","C","","C","C","","","","","C","W","","","C","W"
"EM39","C","","","","","","","C","","","","","","C","W","","","C","W"
"EM40","C","C","","","","","","C","C","C","","","","C","W","","","C","W"
"EM41","","","","","","","","","C","","","","","C","W","","","C","W"
"EM42","W","","","","","","","C","C","","","","","C","W","","","C","W"
"EM43","C","","","","","","","","","","","","","C","W","","","C","W"
"EM44","C","","","","","","","","","","","","","C","W","","","C","W"
"EM45","C","","","","","","","C","C","C","","","","C","W","","","C","W"
"EM46","C","","","","","","","","","","","","","C","W","","","C","W"
"EM47","C","","","","","C","","C","C","C","","","","C","W","","","C","W"
"EM48","C","C","","","","C","","C","C","C","","","","C","W","","","C","W"
"EM49","C","","","","C","","","C","C","W","","","","C","W","","","C","W"
"EM50","C","","","","","C","","C","C","C","","","","C","W","","","C","W"
"EM51","","","","","","","","C","C","C","","","","C","W","","","C","W"
"EM53","","","","","","C","","C","C","C","","","","C","W","","","C","W"
"EM54","C","","","","","","","C","C","","","","","C","W","","","C","W"
"EM55","","","","","","C","","C","","","","","","C","W","","","C","W"
"EM56","","","","","","","","C","","","","","","C","W","","","C","W"
"EM57","","","","","","","","C","C","","","","","C","W","","","C","W"
"EM58","","","","","","","","C","C","C","","","","C","W","","","C","W"
"EM59","C","","","","","C","","","","C","","","","C","W","","","C","W"
"EM60","","","","","","C","","C","C","","","","","C","W","","","C","W"
"EM62","C","C","","","","","","C","C","C","","","","C","W","","","C","W"
"EM63","C","","","","","","","C","C","C","","","","C","W","","","C","W"
"EM64","C","","","","","","","C","C","C","","","","C","W","","","C","W"
"EM65","C","","","","","C","","C","C","C","","","","C","W","","","C","W"
"EM66","","","","","","C","","C","C","C","","","","C","W","","","C","W"
"EM67","C","","","","","","","C","C","C","","","","C","W","","","C","W"
"EM68","","","","","","","","","C","","","","","C","W","","","C","W"
"EM69","C","","","","","C","","C","C","C","","","","C","W","","","C","W"
"EM70","","","","C","","C","","C","C","C","","","","C","W","","","C","W"
"EM71","W","","","C","","","","C","C","C","","","","C","W","","","C","W"
"EM72","C","C","","","","C","","","C","C","","","","C","W","","","C","W"
"EM73","C","C","","C","","C","","C","C","C","","","","C","W","","","C","W"
"EM74","C","C","","C","","C","","C","C","C","","","","C","W","","","C","W"
"EM75","C","C","","C","","C","","C","C","C","","","","C","W","","","C","W"
"EM76","","","","","","","","C","C","C","","","","C","W","","","C","W"
"EM77","C","","","","","","","C","C","C","","","","C","W","","","C","W"
"EM78","C","C","","C","","C","","C","C","C","","","","C","W","","","C","W"
"EM79","C","","","C","","C","","C","C","C","","","","C","W","","","C","W"
"EM80","","","","","","","","","C","","","","","C","W","","","C","W"
"EM81","C","","","","","","","","C","","","","","C","W","","","C","W"
"EM82","C","","","","","","","C","C","","","","","C","W","","","C","W"
"EM83","C","","","","","","","C","C","C","","","","C","W","","","C","W"
"EM84","C","","","","","","","C","C","C","","","","C","W","","","C","W"
"EM85","C","","","","","","","C","C","C","","","","C","W","","","C","W"
"EM86","C","","","","","C","","C","C","C","","","","C","W","","","C","W"
"EM87","C","","","","","","","","","","","","","C","W","","","C","W"
"EM88","C","","","","","","","C","C","","","","","C","W","","","C","W"
"EM89","C","","","","","C","","C","C","C","","","","C","W","","","C","W"
"EM90","C","","","","","","","C","C","C","","","","C","W","","","C","W"
"EM91","","","","","","","","","C","","","","","C","W","","","C","W"
"EM92","","","","","","C","","","C","","","","","C","W","","","C","W"
"EM93","","","","","","","","","C","C","","","","C","W","","","C","W"
"EM94","","","","","","C","","C","C","C","","","","C","W","","","C","W"
"EM95","","","","","","","","C","C","C","","","","C","W","","","C","W"
"EM96","C","C","","","","","","C","C","C","","","","C","W","","","C","W"
"EM97","C","","","","","","","C","C","C","","","","C","W","","","C","W"
"EM98","C","","","","","C","","C","C","C","","","","C","W","","","C","W"
"EM99","C","","","C","","C","","C","C","C","","","","C","W","","","C","W"
"EN00","C","C","","","","C","","C","","","","","","C","W","","","C","W"
"EN01","W","","","","","","","","","","","","","","W","","","","W"
"EN02","C","","","","","","","","","","","","","C","W","","","C","W"
"EN03","C","","","","","","","","","","","","","C","W","","","C","W"
"EN04","C","","","","","C","","C","","","","","","C","W","","","C","W"
"EN05","C","","","","","","","","","","","","","C","W","","","C","W"
"EN06","C","","","","","","","","","","","","","C","W","","","C","W"
"EN07","C","","","","","","","","","","","","","C","W","","","C","W"
"EN08","C","","","","","","","","","","","","","C","W","","","C","W"
"EN10","C","C","","","","C","","C","C","C","","","","C","W","","","C","W"
"EN11","C","","","C","","C","","","C","","","","","C","W","","","C","W"
"EN12","C","C","","","","C","","C","C","","","","","C","W","","","C","W"
"EN13","C","C","","C","","C","","C","C","C","","","","C","W","","","C","W"
"EN14","C","","","C","","C","","C","C","","","","","C","W","","","C","W"
"EN15","C","","","","","","","","","","","","","C","W","","","C","W"
"EN16","C","","","","","C","","","","","","","","C","W","","","C","W"
"EN17","C","C","","","","C","","C","C","","","","","C","W","","","C","W"
"EN18","C","","","","","C","","C","","","","","","C","W","","","C","W"
"EN19","C","C","","","","C","","C","","","","","","C","W","","","C","W"
"EN20","C","","","","","","","","","","","","","C","W","","","C","W"
"EN21","C","C","","C","","C","","C","C","C","","","","C","W","","","C","W"
"EN22","C","","","","","","","","","","","","","C","W","","","C","W"
"EN23","C","C","","","","C","","","C","","","","","C","W","","","C","W"
"EN24","C","","","","","","","","","","","","","C","W","","","C","W"
"EN25","C","","","C","","C","","C","C","","","","","C","W","","","C","W"
"EN26","C","","","","","","","","","","","","","C","W","","","C","W"
"EN27","C","","","","","C","","C","","C","","","","C","W","","","C","W"
"EN28","C","","","","","","","","","","","","","C","W","","","C","W"
"EN29","C","","","","","","","","","","","","","C","W","","","C","W"
"EN30","C","","","","","","","","","C","","","","C","W","","","C","W"
"EN31","C","C","","","","C","C","C","C","C","","","","C","W","","","C","W"
"EN32","C","C","","","C","C","","C","C","C","","","","C","W","","","C","W"
"EN33","C","C","","","","C","","C","C","C","","","","C","W","","","C","W"
"EN34","C","C","","C","","C","","C","C","C","","","","C","W","","","C","W"
"EN35","C","C","","C","","C","","C","C","C","","","","C","W","","","C","W"
"EN36","C","C","","C","","C","","C","C","C","","","","C","W","","","C","W"
"EN37","C","","","","","C","","","C","C","","","","C","W","","","C","W"
"EN38","C","","","","","","","","","","","","","C","W","","","C","W"
"EN40","C","","","","","","","C","C","","","","","C","W","","","C","W"
"EN41","C","C","","","","C","","C","C","","","","","C","W","","","C","W"
"EN42","C","","","","","C","","C","C","C","","","","C","W","","","C","W"
"EN43","C","","","","","","","","C","","","","","C","W","","","C","W"
"EN44","C","C","","","","C","","C","C","C","","","","C","W","","","C","W"
"EN45","C","","","","","C","","","C","C","","","","C","W","","","C","W"
"EN46","C","","","","","C","","C","C","C","","","","C","W","","","C","W"
"EN47","C","","","","","","","","","","","","","C","W","","","C","W"
"EN50","C","","","","","C","","C","C","C","","","","C","W","","","C","W"
"EN51","C","C","","","","C","","C","C","C","","","","C","W","","","C","W"
"EN52","C","C","","C","","C","","C","C","C","","","","C","W","","","C","W"
"EN53","C","C","","","","C","","C","C","C","","","","C","W","","","C","W"
"EN54","C","","","","","C","","C","C","C","","","","C","W","","","C","W"
"EN55","C","C","","C","","C","","C","C","","","","","C","W","","","C","W"
"EN56","C","","","","","","","","","W","","","","C","W","","","C","W"
"EN58","C","","","","","C","","C","C","C","","","","C","W","","","C","W"
"EN60","C","","","C","","C","","C","C","C","","","","C","W","","","C","W"
"EN61","C","C","","","","C","W","C","C","C","","","","C","W","","","C","W"
"EN62","C","C","","C","","C","","C","C","C","","","","C","W","","","C","W"
"EN63","C","","","","","C","","C","C","","","","","C","W","","","C","W"
"EN64","C","C","","","","","","","","C","","","","C","W","","","C","W"
"EN65","C","","","","","C","","C","C","C","","","","C","W","","","C","W"
"EN66","C","","","","","","","","","","","","","C","W","","","C","W"
"EN67","C","","","","","","","","","","","","","C","W","","","C","W"
"EN70","C","C","","C","","C","","C","C","C","","","","C","W","","","C","W"
"EN71","C","C","","C","","C","","C","C","C","","","","C","W","","","C","W"
"EN72","C","","","","","C","","C","C","C","","","","C","W","","","C","W"
"EN73","C","","","","","C","","C","","","","","","C","W","","","C","W"
"EN74","C","C","","","","C","","C","","","","","","C","W","","","C","W"
"EN75","C","","","","","","","","","","","","","C","W","","","C","W"
"EN76","W","","","","","","","","","","","","","","W","","","","W"
"EN77","W","","","","","","","","","","","","","","W","","","","W"
"EN79","C","","","","","","","","","","","","","C","W","","","C","W"
"EN80","C","C","","","","C","","C","C","C","","","","C","W","","","C","W"
"EN81","C","C","","","","C","","C","C","C","","","","C","W","","","C","W"
"EN82","C","C","","C","","C","C","C","C","C","","","","C","W","","","C","W"
"EN83","C","","","","","C","","C","C","C","","","","C","W","","","C","W"
"EN84","C","C","","","","C","","C","","","","","","C","W","","","C","W"
"EN85","C","","","","","","","","","","","","","C","W","","","C","W"
"EN86","C","","","","","","","","","","","","","C","W","","","C","W"
"EN90","C","","","","","C","","C","C","C","","","","C","W","","","C","W"
"EN91","C","C","","C","","C","C","C","C","C","","","","C","W","","","C","W"
"EN92","C","","","C","","","W","C","","W","","","","C","W","","","C","W"
"EN93","C","","","","","C","","C","C","C","","","","C","W","","","C","W"
"EN94","C","","","","","","","","","","","","","C","W","","","C","W"
"EO30","C","","","","","","","","","","","","","C","W","","","C","W"
"EO40","C","","","","","","","","","","","","","C","W","","","C","W"
"EP29","C","","","","","","","","","","","","","C","W","","","C","W"
"FD55","","","","","","C","","C","","","","","","C","W","","","C","W"
"FE48","","C","","C","","","","","","","","","","C","W","","","C","W"
"FF44","","C","","","","","","","","","","","","C","W","","","C","W"
"FF45","","","","","","C","","","","","","","","C","W","","","C","W"
"FF46","W","C","","C","","C","","C","","","","","","C","W","","","C","W"
"FF47","","C","","","","","","","","","","","","C","W","","","C","W"
"FF57","","","","C","","","","","","","","","","C","W","","","C","W"
"FF78","","C","","C","","C","","C","","","","","","C","W","","","C","W"
"FF97","C","C","","C","","C","","","","","","","","C","W","","","C","W"
"FF98","","C","","C","","","","","","","","","","C","W","","","C","W"
"FF99","C","","","","","C","","","","","","","","C","W","","","C","W"
"FG25","","","C","","","","","","","","","","","C","W","","","C","W"
"FG49","","C","","","","","","","","","","","","C","W","","","C","W"
"FG68","","","C","C","","","C","C","C","","","","","C","W","","","C","W"
"FG75","","","","","C","","C","","","","","","","C","W","","","C","W"
"FH17","","C","","","","C","","","","","","","","C","W","","","C","W"
"FH53","","","","C","","","","","","","","","","C","W","","","C","W"
"FH82","","","","C","","C","","","","","","","","C","W","","","C","W"
"FI09","","","","","C","C","C","C","C","","","","","C","W","","","C","W"
"FJ24","","C","","C","C","C","","","C","","","","","C","W","","","C","W"
"FJ35","","C","","","","","","","","","","","","C","W","","","C","W"
"FJ67","","","","C","","","","","","","","","","C","W","","","C","W"
"FJ69","","C","","C","","C","","C","C","C","","","","C","W","","","C","W"
"FJ92","","","","C","C","","","C","C","","","","","C","W","","","C","W"
"FK08","","","","","","","","","","C","","","","C","W","","","C","W"
"FK17","","C","","","","C","","","C","","","","","C","W","","","C","W"
"FK18","","","","C","","C","","C","","","","","","C","W","","","C","W"
"FK19","W","","","","","","","","","","","","","","W","","","","W"
"FK20","","C","","C","","C","","C","C","","","","","C","W","","","C","W"
"FK21","","C","","","","","C","","","","","","","C","W","","","C","W"
"FK29","","","","","","C","C","","C","C","","","","C","W","","","C","W"
"FK42","","C","","C","","C","C","","C","","","","","C","W","","","C","W"
"FK48","W","","","","","","","","","","","","","","W","","","","W"
"FK49","C","C","","C","","C","","C","C","C","","","","C","W","","","C","W"
"FK52","C","C","C","C","C","C","C","C","C","C","","","","C","W","","","C","W"
"FK58","W","","C","C","","","","","","","","","","C","W","","","C","W"
"FK60","C","C","C","C","","C","C","C","C","","","","","C","W","","","C","W"
"FK67","C","","","","","","","","","","","","","C","W","","","C","W"
"FK68","C","C","","C","C","C","","C","","","","","","C","W","","","C","W"
"FK70","","C","","","","C","","C","","","","","","C","W","","","C","W"
"FK77","C","C","C","C","C","C","C","C","C","C","","","","C","W","","","C","W"
"FK78","C","C","","C","C","C","C","C","","C","","","","C","W","","","C","W"
"FK85","","","","","C","C","","C","","","","","","C","W","","","C","W"
"FK86","","C","C","C","C","C","C","C","C","","","","","C","W","","","C","W"
"FK87","C","C","C","C","C","C","C","C","C","C","","","","C","W","","","C","W"
"FK88","","C","C","C","C","C","C","C","C","C","","","","C","W","","","C","W"
"FK90","C","","","","","C","","","","","","","","C","W","","","C","W"
"FK91","","","C","","C","C","C","C","C","","","","","C","W","","","C","W"
"FK92","C","C","C","C","C","C","C","C","C","C","","","","C","W","","","C","W"
"FK93","C","","","C","","C","","","","","","","","C","W","","","C","W"
"FK94","C","C","C","C","C","C","W","C","C","C","","","","C","W","","","C","W"
"FK95","W","C","C","C","","C","C","C","C","C","","","","C","W","","","C","W"
"FK96","C","C","","","","C","","C","C","","","","","C","W","","","C","W"
"FK97","C","C","C","C","C","C","","C","C","","","","","C","W","","","C","W"
"FK99","C","","","","","","","","","","","","","C","W","","","C","W"
"FL01","","","","","","C","","","","","","","","C","W","","","C","W"
"FL05","","","","","","","","","","C","","","","C","W","","","C","W"
"FL06","C","","C","C","","","","C","C","","","","","C","W","","","C","W"
"FL10","W","","","","","","","","","","","","","","W","","","","W"
"FL11","C","","","","","","","","","","","","","C","W","","","C","W"
"FL12","C","","","","","","","","","","","","","C","W","","","C","W"
"FL15","C","","","","C","C","","","C","C","","","","C","W","","","C","W"
"FL16","","","","","","","","C","C","","","","","C","W","","","C","W"
"FL20","C","C","","C","","","","","","C","","","","C","W","","","C","W"
"FL22","C","C","","C","","","","C","C","C","","","","C","W","","","C","W"
"FL31","C","C","","C","C","C","","C","C","C","","","","C","W","","","C","W"
"FL41","","C","","C","","C","","C","C","","","","","C","W","","","C","W"
"FM02","C","C","","C","","","","","","C","","","","C","W","","","C","W"
"FM03","C","C","","","","C","","","C","C","","","","C","W","","","C","W"
"FM04","W","","","C","","","","C","C","C","","","","C","W","","","C","W"
"FM05","C","","","C","","C","","C","C","C","","","","C","W","","","C","W"
"FM06","C","","","","","C","","C","C","C","","","","C","W","","","C","W"
"FM07","C","C","","","","C","","C","C","C","","","","C","W","","","C","W"
"FM08","C","","","","","C","","C","C","C","","","","C","W","","","C","W"
"FM09","C","","","","","C","","C","C","","","","","C","W","","","C","W"
"FM14","C","","","","","C","","","","","","","","C","W","","","C","W"
"FM15","C","","","","","","","C","C","C","","","","C","W","","","C","W"
"FM16","C","","","","","C","","C","C","C","","","","C","W","","","C","W"
"FM17","C","C","","C","","C","","C","C","C","","","","C","W","","","C","W"
"FM18","C","C","","","","C","C","C","C","C","","","","C","W","","","C","W"
"FM19","C","C","","C","","C","C","C","C","C","","","","C","W","","","C","W"
"FM20","","","","","","","","","C","","","","","C","W","","","C","W"
"FM25","W","","","","","","","C","C","","","","","C","W","","","C","W"
"FM26","C","","","","","C","","C","C","","","","","C","W","","","C","W"
"FM27","C","","","","","C","","","","","","","","C","W","","","C","W"
"FM28","C","","","C","","C","","C","C","C","","","","C","W","","","C","W"
"FM29","C","","C","C","","C","","C","C","C","","","","C","W","","","C","W"
"FM30","C","","","","","","","","","","","","","C","W","","","C","W"
"FM39","W","","","","","","","","","","","","","","W","","","","W"
"FM72","C","C","","","","C","","C","C","","","","","C","W","","","C","W"
"FN00","C","","","","","C","","C","C","C","","","","C","W","","","C","W"
"FN01","C","","","","","","C","","","","","","","C","W","","","C","W"
"FN02","C","","","","","C","","C","C","C","","","","C","W","","","C","W"
"FN03","C","C","","C","","C","","C","C","C","","","","C","W","","","C","W"
"FN04","C","C","","","","C","","C","C","C","","","","C","W","","","C","W"
"FN05","C","","","","","","","C","","","","","","C","W","","","C","W"
"FN06","C","","","","","C","","C","C","","","","","C","W","","","C","W"
"FN07","C","","","","","","","","","","","","","C","W","","","C","W"
"FN08","C","","","","","","","","","","","","","C","W","","","C","W"
"FN10","C","C","","C","","C","","C","C","C","","","","C","W","","","C","W"
"FN11","C","","","","","","","C","","","","","","C","W","","","C","W"
"FN12","C","","","","","","","C","C","C","","","","C","W","","","C","W"
"FN13","C","C","","C","","C","","C","C","C","","","","C","W","","","C","W"
"FN14","C","","","C","","C","","C","C","C","","","","C","W","","","C","W"
"FN15","C","C","","","","C","","C","C","C","","","","C","W","","","C","W"
"FN18","C","","","","","","","","C","","","","","C","W","","","C","W"
"FN20","C","C","","C","","C","C","C","C","C","","","","C","W","","","C","W"
"FN21","C","","","C","","C","","C","C","C","","","","C","W","","","C","W"
"FN22","C","C","","","","C","","C","C","C","","","","C","W","","","C","W"
"FN23","C","","","","","","","C","C","C","","","","C","W","","","C","W"
"FN24","C","","","","","C","","C","C","","","","","C","W","","","C","W"
"FN25","C","","","C","","C","","C","C","C","","","","C","W","","","C","W"
"FN30","C","C","C","C","","C","C","C","C","C","","","","C","W","","","C","W"
"FN31","C","C","","C","C","C","C","C","C","C","","","","C","W","","","C","W"
"FN32","C","C","","","","C","","C","C","C","","","","C","W","","","C","W"
"FN33","C","","","C","","C","","C","C","C","","","","C","W","","","C","W"
"FN34","C","C","","C","","C","","C","C","C","","","","C","W","","","C","W"
"FN35","C","","","C","","C","","C","C","C","","","","C","W","","","C","W"
"FN36","W","","","","","","","","","","","","","","W","","","","W"
"FN37","C","","","","","","","","","","","","","C","W","","","C","W"
"FN41","C","C","","C","","C","","C","C","C","","","","C","W","","","C","W"
"FN42","C","C","","C","","C","","C","C","C","","","","C","W","","","C","W"
"FN43","C","C","","C","","C","","C","C","C","","","","C","W","","","C","W"
"FN44","C","C","","","","C","","C","C","","","","","C","W","","","C","W"
"FN45","C","","","","","","","","","","","","","C","W","","","C","W"
"FN46","C","","","","","","","","","","","","","C","W","","","C","W"
"FN47","C","","","","","","","","","","","","","C","W","","","C","W"
"FN48","C","","","","","","","","","","","","","C","W","","","C","W"
"FN51","C","","","","","","","","","","","","","C","W","","","C","W"
"FN53","C","","","","","C","","C","C","","","","","C","W","","","C","W"
"FN54","C","C","","C","C","C","","C","C","C","","","","C","W","","","C","W"
"FN55","C","","","","","","","","","C","","","","C","W","","","C","W"
"FN56","C","","","","","C","","","","","","","","C","W","","","C","W"
"FN57","C","","","","","","","","","","","","","C","W","","","C","W"
"FN63","C","","","","","","","","","","","","","C","W","","","C","W"
"FN64","C","","","","","C","","","","","","","","C","W","","","C","W"
"FN65","C","","","","","","","C","","","","","","C","W","","","C","W"
"FN66","C","","","","","","","","","","","","","C","W","","","C","W"
"FN73","C","","","","","C","","","C","","","","","C","W","","","C","W"
"FN74","C","","","","","C","","C","","","","","","C","W","","","C","W"
"FN75","C","C","","C","","C","","","C","","","","","C","W","","","C","W"
"FN76","C","C","","C","","C","","C","C","C","","","","C","W","","","C","W"
"FN84","","","","C","","C","","C","C","","","","","C","W","","","C","W"
"FN85","","C","","","","","","C","","","","","","C","W","","","C","W"
"FN86","","C","","C","","","","C","","C","","","","C","W","","","C","W"
"FN93","C","","","","","","","","","","","","","C","W","","","C","W"
"FN96","","C","","C","","C","","C","C","","","","","C","W","","","C","W"
"FN97","","","C","C","C","C","C","","","","","","","C","W","","","C","W"
"FO06","C","","","","","","","","","","","","","C","W","","","C","W"
"FO60","","","","C","","C","C","C","C","C","","","","C","W","","","C","W"
"FQ56","","","","","","C","","","","","","","","C","W","","","C","W"
"GC07","","C","C","C","C","","C","C","","","","","","C","W","","","C","W"
"GD18","","C","C","C","C","C","","","","","","","","C","W","","","C","W"
"GF02","","C","","C","","","","","","","","","","C","W","","","C","W"
"GF05","","C","","C","","C","","C","","","","","","C","W","","","C","W"
"GF15","","C","C","","","C","C","","","","","","","C","W","","","C","W"
"GF19","","C","C","","","","","","","","","","","C","W","","","C","W"
"GF25","","C","","","","","","","","","","","","C","W","","","C","W"
"GF27","","C","","C","","C","","C","","","","","","C","W","","","C","W"
"GF49","","C","","C","","","","C","","","","","","C","W","","","C","W"
"GG20","","","","C","","","","","","","","","","C","W","","","C","W"
"GG30","","C","","C","","","","C","","","","","","C","W","","","C","W"
"GG46","","","C","","","","","","","","","","","C","W","","","C","W"
"GG53","","C","","","","","","","","","","","","C","W","","","C","W"
"GG54","","C","","C","","C","","C","","","","","","C","W","","","C","W"
"GG58","","","","C","","C","","C","","","","","","C","W","","","C","W"
"GG66","","C","","C","","C","","C","C","","","","","C","W","","","C","W"
"GG67","","C","","","","","","","","","","","","C","W","","","C","W"
"GG87","","C","","C","","C","","","","","","","","C","W","","","C","W"
"GG99","","C","","C","","","","","","","","","","C","W","","","C","W"
"GH53","","","","C","","","","","","","","","","C","W","","","C","W"
"GH64","","","","","","C","","","","","","","","C","W","","","C","W"
"GH80","","","","C","","","","","","","","","","C","W","","","C","W"
"GI64","","","","","C","","","","","","","","","C","W","","","C","W"
"GJ01","","","","C","","","","","","","","","","C","W","","","C","W"
"GJ06","","C","","","C","C","","","","","","","","C","W","","","C","W"
"GJ25","","C","C","C","C","C","","C","","","","","","C","W","","","C","W"
"GJ34","","C","","","","","","","","","","","","C","W","","","C","W"
"GJ35","","C","","C","","C","C","C","C","C","","","","C","W","","","C","W"
"GK03","","C","C","C","C","C","C","C","C","C","","","","C","W","","","C","W"
"GK79","C","","","","","","","","","","","","","C","W","","","C","W"
"GM84","","","","","","C","","","","","","","","C","W","","","C","W"
"GN03","","C","C","","C","","","","","","","","","C","W","","","C","W"
"GN17","C","C","","C","C","C","","C","C","","","","","C","W","","","C","W"
"GN19","","","","C","","C","","","","","","","","C","W","","","C","W"
"GN29","","","","C","","","","C","","","","","","C","W","","","C","W"
"GN37","","","","C","","C","","C","C","","","","","C","W","","","C","W"
"GN38","","","","C","","","","","","","","","","C","W","","","C","W"
"GP47","","","","","","","","C","C","","","","","C","W","","","C","W"
"HI06","","C","","C","","C","","C","C","C","","","","C","W","","","C","W"
"HI22","","","","","","C","","C","","","","","","C","W","","","C","W"
"HI23","","","","C","","C","C","C","","","","","","C","W","","","C","W"
"HI36","","C","C","","C","","C","","","","","","","C","W","","","C","W"
"HJ50","","C","C","C","C","C","C","","C","C","","","","C","W","","","C","W"
"HK76","","C","","C","","C","","C","C","C","","","","C","W","","","C","W"
"HM58","","C","","","","C","C","","C","","","","","C","W","","","C","W"
"HM68","","","C","","","","","","","","","","","C","W","","","C","W"
"HM74","","","","","","","","C","","","","","","C","W","","","C","W"
"HM76","W","","","","","","","","","","","","","","W","","","","W"
"HM77","C","C","","C","","C","","","","","","","","C","W","","","C","W"
"HP84","","C","C","","C","","","","","","","","","C","W","","","C","W"
"HP85","","C","","C","","C","C","C","","","","","","C","W","","","C","W"
"HP94","","C","C","C","C","C","","C","","","","","","C","W","","","C","W"
"IF32","","","","C","","","","","","","","","","C","W","","","C","W"
"IH74","","C","C","","","","","","","","","","","C","W","","","C","W"
"II22","","C","C","C","C","C","C","C","C","","","","","C","W","","","C","W"
"IJ02","","","","","","","","","","W","","","","","W","","","","W"
"IJ38","","C","","C","","C","","","","","","","","C","W","","","C","W"
"IJ39","","C","","C","C","C","","C","C","","","","","C","W","","","C","W"
"IJ46","","","C","C","","C","","C","C","","","","","C","W","","","C","W"
"IK12","","","C","C","C","","C","","C","","","","","C","W","","","C","W"
"IK13","","C","C","C","C","C","C","","","","","","","C","W","","","C","W"
"IK14","","C","","C","","C","","C","C","","","","","C","W","","","C","W"
"IK21","","","","","","C","C","C","C","","","","","C","W","","","C","W"
"IK62","","","","C","C","","","","","","","","","C","W","","","C","W"
"IK92","","C","C","C","C","C","C","C","C","C","","","","C","W","","","C","W"
"IL17","C","","","","","","","","","","","","","C","W","","","C","W"
"IL18","C","C","","C","W","C","","C","","","","","","C","W","","","C","W"
"IL27","","","C","","C","","","","C","","","","","C","W","","","C","W"
"IL28","","C","","C","","C","","C","","","","","","C","W","","","C","W"
"IL46","","","","","","C","C","C","","","","","","C","W","","","C","W"
"IM12","","C","","C","C","C","C","C","C","C","","","","C","W","","","C","W"
"IM13","","","C","C","C","C","","C","C","","","","","C","W","","","C","W"
"IM51","","","","","","","C","","","","","","","C","W","","","C","W"
"IM57","C","","","","","","","","","","","","","C","W","","","C","W"
"IM58","","C","C","","","","C","","","","","","","C","W","","","C","W"
"IM63","","C","C","C","C","C","","C","C","","","","","C","W","","","C","W"
"IM64","","","","","C","","","","","","","","","C","W","","","C","W"
"IM67","C","C","C","C","","C","","C","","C","","","","C","W","","","C","W"
"IM68","","C","","","","C","","C","","","","","","C","W","","","C","W"
"IM75","","C","","C","","C","","C","","","","","","C","W","","","C","W"
"IM76","","","","C","","","","C","","","","","","C","W","","","C","W"
"IM77","","C","C","C","","C","","","","","","","","C","W","","","C","W"
"IM87","C","C","","C","","C","","C","C","","","","","C","W","","","C","W"
"IM98","C","C","","C","","C","","C","C","","","","","C","W","","","C","W"
"IM99","","C","","C","","C","","C","C","","","","","C","W","","","C","W"
"IN50","","C","C","C","","C","C","C","C","","","","","C","W","","","C","W"
"IN51","","","","","","C","","","","","","","","C","W","","","C","W"
"IN53","","C","","","","","","","C","","","","","C","W","","","C","W"
"IN63","","","","C","","C","","C","","","","","","C","W","","","C","W"
"IN70","","C","","C","","C","","C","C","","","","","C","W","","","C","W"
"IN73","","","","C","C","C","","C","C","","","","","C","W","","","C","W"
"IN78","C","C","","C","","C","","C","C","C","","","","C","W","","","C","W"
"IN80","","C","","C","","C","","C","C","","","","","C","W","","","C","W"
"IN82","","","","","","C","","","","","","","","C","W","","","C","W"
"IN83","","","","C","","","","C","C","","","","","C","W","","","C","W"
"IN87","","C","","","","","","","","","","","","C","W","","","C","W"
"IN88","","C","","","","C","","","","","","","","C","W","","","C","W"
"IN89","","C","C","C","","C","","C","C","","","","","C","W","","","C","W"
"IN92","","C","","C","","C","","","","","","","","C","W","","","C","W"
"IN93","","","","C","","C","","","","","","","","C","W","","","C","W"
"IN94","","","","C","","C","","C","","","","","","C","W","","","C","W"
"IN95","","","","C","","C","","C","","","","","","C","W","","","C","W"
"IN97","","","","","","","","","C","","","","","C","W","","","C","W"
"IN99","","","","C","","C","","","","","","","","C","W","","","C","W"
"IO42","","","","","","","","","","C","","","","C","W","","","C","W"
"IO51","","C","C","","","C","","C","C","C","","","","C","W","","","C","W"
"IO52","","","","C","","C","","","","","","","","C","W","","","C","W"
"IO53","","C","","C","C","C","C","C","C","C","","","","C","W","","","C","W"
"IO62","","C","","C","","C","","C","","","","","","C","W","","","C","W"
"IO63","","C","C","C","","C","","","","","","","","C","W","","","C","W"
"IO64","","C","C","C","C","C","","C","C","","","","","C","W","","","C","W"
"IO68","","","","","C","","","","","","","","","C","W","","","C","W"
"IO70","C","","","","","","","","","","","","","C","W","","","C","W"
"IO71","","","","","","","","","C","","","","","C","W","","","C","W"
"IO72","","C","C","C","","C","","","","C","","","","C","W","","","C","W"
"IO74","","C","C","C","C","C","C","C","C","C","","","","C","W","","","C","W"
"IO75","","C","","C","","W","","","","","","","","C","W","","","C","W"
"IO80","C","","","C","","","","","","","","","","C","W","","","C","W"
"IO81","","C","","C","","C","","C","C","C","","","","C","W","","","C","W"
"IO82","","","","","W","","","","","","","","","","W","","","","W"
"IO83","","C","C","","","","","W","","","","","","C","W","","","C","W"
"IO86","C","C","","C","","C","","","C","","","","","C","W","","","C","W"
"IO87","","C","","C","","C","","","C","","","","","C","W","","","C","W"
"IO88","","C","","","","","","C","","C","","","","C","W","","","C","W"
"IO89","","","","C","","C","","C","C","","","","","C","W","","","C","W"
"IO90","","C","","C","C","","","","","","","","","C","W","","","C","W"
"IO91","C","C","","C","","C","","C","","W","","","","C","W","","","C","W"
"IO92","","C","","","","C","","C","","","","","","C","W","","","C","W"
"IO93","","","","C","","C","","","","","","","","C","W","","","C","W"
"IO94","","","","C","","C","","","","","","","","C","W","","","C","W"
"IP61","","","C","","","","","","","","","","","C","W","","","C","W"
"IP62","","C","C","C","","","C","","","","","","","C","W","","","C","W"
"IP90","","","","","C","","C","","","","","","","C","W","","","C","W"
"JB59","","","","","","","C","C","","","","","","C","W","","","C","W"
"JG78","","","C","C","","","","","","","","","","C","W","","","C","W"
"JG87","","C","","C","","","C","C","C","","","","","C","W","","","C","W"
"JG88","","","","","","","","","C","C","","","","C","W","","","C","W"
"JI75","","","","C","","","","","","","","","","C","W","","","C","W"
"JJ06","","","","C","C","C","","","","","","","","C","W","","","C","W"
"JJ30","","C","","C","C","C","C","C","","","","","","C","W","","","C","W"
"JJ38","","","","C","C","C","C","C","","","","","","C","W","","","C","W"
"JJ42","","","C","C","C","","C","C","C","","","","","C","W","","","C","W"
"JK72","","","","","C","","","","","","","","","C","W","","","C","W"
"JM08","","","","C","","C","","C","C","","","","","C","W","","","C","W"
"JM09","C","","","","","","","","","","","","","C","W","","","C","W"
"JM19","C","C","C","","C","C","C","","C","","","","","C","W","","","C","W"
"JM29","","C","","C","","","","","","","","","","C","W","","","C","W"
"JM49","","C","C","C","C","W","C","","C","","","","","C","W","","","C","W"
"JM54","","","","","C","","","C","C","C","","","","C","W","","","C","W"
"JM56","","","","C","","","","","","","","","","C","W","","","C","W"
"JM62","","","","","","C","C","C","C","","","","","C","W","","","C","W"
"JM67","","C","C","C","","C","C","C","","","","","","C","W","","","C","W"
"JM75","C","C","C","","C","C","","C","C","","","","","C","W","","","C","W"
"JM76","","","","","","","","C","","","","","","C","W","","","C","W"
"JN00","","","","","","C","","","","","","","","C","W","","","C","W"
"JN01","C","C","","C","","C","","C","","","","","","C","W","","","C","W"
"JN02","","C","","C","","C","","","","","","","","C","W","","","C","W"
"JN03","","","","C","W","C","","C","","","","","","C","W","","","C","W"
"JN04","","C","","C","","C","","","C","","","","","C","W","","","C","W"
"JN05","","C","","C","","C","","","C","","","","","C","W","","","C","W"
"JN07","","","","","","","","C","","","","","","C","W","","","C","W"
"JN08","","","","C","","C","","C","","","","","","C","W","","","C","W"
"JN09","","","","","","C","","","","","","","","C","W","","","C","W"
"JN11","","C","","C","","C","C","C","","","","","","C","W","","","C","W"
"JN12","","","","C","","","","","","","","","","C","W","","","C","W"
"JN15","","C","","","","","","","","","","","","C","W","","","C","W"
"JN16","","C","","","","C","","C","","","","","","C","W","","","C","W"
"JN17","","","","","C","","","","","","","","","C","W","","","C","W"
"JN18","","C","","C","","C","","","C","C","","","","C","W","","","C","W"
"JN23","","C","","","","","","","","","","","","C","W","","","C","W"
"JN25","","","","C","","","","","","","","","","C","W","","","C","W"
"JN27","","","","","C","","","","","","","","","C","W","","","C","W"
"JN29","","C","","","","C","","","","","","","","C","W","","","C","W"
"JN33","","","","C","","","","","","","","","","C","W","","","C","W"
"JN35","","","","","","C","","C","","","","","","C","W","","","C","W"
"JN36","","C","C","C","C","C","","C","C","C","","","","C","W","","","C","W"
"JN37","","","","","","C","","","","","","","","C","W","","","C","W"
"JN41","","C","","C","C","C","","C","","","","","","C","W","","","C","W"
"JN42","","C","","C","C","C","","C","C","","","","","C","W","","","C","W"
"JN44","","C","","C","","C","","","","","","","","C","W","","","C","W"
"JN45","","C","","C","","C","","C","C","","","","","C","W","","","C","W"
"JN46","","","","C","","C","","C","C","","","","","C","W","","","C","W"
"JN47","","C","C","C","","C","","C","C","C","","","","C","W","","","C","W"
"JN48","C","C","","C","","C","","C","C","","","","","C","W","","","C","W"
"JN49","","C","C","C","","C","","","","","","","","C","W","","","C","W"
"JN52","","C","","C","","C","","C","C","","","","","C","W","","","C","W"
"JN53","C","C","","C","C","","","","","","","","","C","W","","","C","W"
"JN54","","C","C","C","","C","","C","C","","","","","C","W","","","C","W"
"JN55","","C","","C","","C","","C","","","","","","C","W","","","C","W"
"JN57","","","","","","C","","","","","","","","C","W","","","C","W"
"JN58","C","C","","C","","C","","C","C","C","","","","C","W","","","C","W"
"JN61","","","","C","C","","C","C","C","","","","","C","W","","","C","W"
"JN62","","C","","","","","","C","","","","","","C","W","","","C","W"
"JN63","","C","C","","","","","","","","","","","C","W","","","C","W"
"JN64","","C","","C","C","C","","","C","","","","","C","W","","","C","W"
"JN65","C","C","","C","","C","","","","","","","","C","W","","","C","W"
"JN66","","C","","C","","","","","C","C","","","","C","W","","","C","W"
"JN67","","","","C","","C","C","C","C","","","","","C","W","","","C","W"
"JN68","C","","","","","","","","","","","","","C","W","","","C","W"
"JN69","","C","","C","","","C","C","","","","","","C","W","","","C","W"
"JN71","","C","C","","","C","","C","","","","","","C","W","","","C","W"
"JN75","","C","C","C","C","C","","C","C","C","","","","C","W","","","C","W"
"JN76","","C","","C","C","C","C","C","C","C","","","","C","W","","","C","W"
"JN77","","","","C","","","","","","","","","","C","W","","","C","W"
"JN79","C","C","","C","","C","","C","C","","","","","C","W","","","C","W"
"JN80","","","","C","","C","","","","","","","","C","W","","","C","W"
"JN83","","","C","","","","","","","","","","","C","W","","","C","W"
"JN84","","C","","C","","C","","C","C","C","","","","C","W","","","C","W"
"JN85","","","C","C","C","","","","C","","","","","C","W","","","C","W"
"JN86","C","C","","C","","C","","C","C","C","","","","C","W","","","C","W"
"JN87","","C","","C","","C","","C","C","C","","","","C","W","","","C","W"
"JN88","","C","C","C","","C","","C","C","C","","","","C","W","","","C","W"
"JN89","","C","","","","","","","","","","","","C","W","","","C","W"
"JN90","","","","C","","C","","C","","","","","","C","W","","","C","W"
"JN91","","","","","C","","","","","","","","","C","W","","","C","W"
"JN92","","C","C","C","C","C","C","C","C","C","","","","C","W","","","C","W"
"JN93","","C","","C","","C","","C","","","","","","C","W","","","C","W"
"JN94","","","","","","","C","C","C","","","","","C","W","","","C","W"
"JN95","","C","","C","C","","","C","","","","","","C","W","","","C","W"
"JN96","C","","C","","","C","","","","C","","","","C","W","","","C","W"
"JN97","","C","C","C","","C","","C","C","","","","","C","W","","","C","W"
"JN98","","C","","C","","C","","C","","C","","","","C","W","","","C","W"
"JO01","","C","","C","","C","","","","","","","","C","W","","","C","W"
"JO02","","C","","C","","C","","C","C","C","","","","C","W","","","C","W"
"JO10","","C","","C","C","","","C","","","","","","C","W","","","C","W"
"JO11","","","","C","C","C","","C","","C","","","","C","W","","","C","W"
"JO20","","C","C","C","","C","","C","C","C","","","","C","W","","","C","W"
"JO21","C","C","C","C","C","C","C","C","C","C","","","","C","W","","","C","W"
"JO22","C","C","","C","","","C","C","C","","","","","C","W","","","C","W"
"JO23","","C","","","","","","","","","","","","C","W","","","C","W"
"JO28","","","","C","","","","","","","","","","C","W","","","C","W"
"JO30","","","","","","","","C","","","","","","C","W","","","C","W"
"JO31","","C","","C","","C","","C","C","C","","","","C","W","","","C","W"
"JO32","","C","","","C","C","","","","","","","","C","W","","","C","W"
"JO33","W","C","","C","","C","","C","","","","","","C","W","","","C","W"
"JO38","","","","","","","","","C","C","","","","C","W","","","C","W"
"JO40","","C","","C","","C","","C","","","","","","C","W","","","C","W"
"JO41","W","C","","C","","C","","","","","","","","C","W","","","C","W"
"JO42","","C","","C","","","","","C","","","","","C","W","","","C","W"
"JO43","","","","C","","","","","","","","","","C","W","","","C","W"
"JO44","","C","","C","","C","","C","","","","","","C","W","","","C","W"
"JO46","","C","","","C","C","C","","C","","","","","C","W","","","C","W"
"JO48","","C","","C","","C","","","C","","","","","C","W","","","C","W"
"JO50","","C","","C","W","C","","C","C","","","","","C","W","","","C","W"
"JO51","","","","C","","C","","","","","","","","C","W","","","C","W"
"JO52","","C","","","","","","","","","","","","C","W","","","C","W"
"JO53","","","","","","","","C","C","","","","","C","W","","","C","W"
"JO55","","","","C","","","","","","","","","","C","W","","","C","W"
"JO57","","","","","","C","","","","","","","","C","W","","","C","W"
"JO59","","C","","C","","C","","C","C","","","","","C","W","","","C","W"
"JO60","","","C","C","C","C","","C","C","C","","","","C","W","","","C","W"
"JO61","","C","","C","C","","","","C","","","","","C","W","","","C","W"
"JO63","","C","","C","","","","","","","","","","C","W","","","C","W"
"JO65","C","C","C","C","","","","","C","","","","","C","W","","","C","W"
"JO66","","C","","","","","","","","","","","","C","W","","","C","W"
"JO67","","","","C","","","","","C","","","","","C","W","","","C","W"
"JO68","","C","","","","","","","","","","","","C","W","","","C","W"
"JO70","","C","","C","","C","","","","","","","","C","W","","","C","W"
"JO71","","C","","C","","C","","","","","","","","C","W","","","C","W"
"JO73","","C","","","W","","","","","","","","","C","W","","","C","W"
"JO78","","","","C","","","","","","","","","","C","W","","","C","W"
"JO79","","","","C","","","","","","","","","","C","W","","","C","W"
"JO80","","C","","C","","","","","","C","","","","C","W","","","C","W"
"JO81","","","","C","","","","","","C","","","","C","W","","","C","W"
"JO82","","C","","","","","","","","","","","","C","W","","","C","W"
"JO83","","","","","","C","","C","","","","","","C","W","","","C","W"
"JO84","","","","","","C","","","","","","","","C","W","","","C","W"
"JO89","W","C","","","C","","","","","","","","","C","W","","","C","W"
"JO90","","C","","C","","C","","C","C","","","","","C","W","","","C","W"
"JO91","","","","C","C","","","C","","","","","","C","W","","","C","W"
"JO92","","","","C","","C","","","","","","","","C","W","","","C","W"
"JO93","","","C","","","","","","","","","","","C","W","","","C","W"
"JO99","","C","","","","","","","C","","","","","C","W","","","C","W"
"JP32","","","","","","","C","","","","","","","C","W","","","C","W"
"JP33","","","","C","","","","","","","","","","C","W","","","C","W"
"JP50","","C","","C","C","C","","C","","","","","","C","W","","","C","W"
"JP53","","","C","C","","","","","","","","","","C","W","","","C","W"
"JP70","","","","","C","","","","","","","","","C","W","","","C","W"
"JP80","","","","C","","C","","C","","","","","","C","W","","","C","W"
"JP82","","C","","C","","","","","","C","","","","C","W","","","C","W"
"JP90","","C","C","C","C","C","C","C","","C","","","","C","W","","","C","W"
"JP92","","","","","","","C","","","","","","","C","W","","","C","W"
"JQ78","","","","C","","C","","","","","","","","C","W","","","C","W"
"KF15","","","","","","C","","","","","","","","C","W","","","C","W"
"KF26","","C","","C","C","","","","","","","","","C","W","","","C","W"
"KG30","","C","","C","","C","","C","","","","","","C","W","","","C","W"
"KG33","","","","","C","","","","","","","","","C","W","","","C","W"
"KG44","","C","C","","C","","C","","","","","","","C","W","","","C","W"
"KG47","","","","C","C","","C","","","","","","","C","W","","","C","W"
"KG53","","","","","C","","","C","","","","","","C","W","","","C","W"
"KG64","","C","C","C","C","C","","C","","","","","","C","W","","","C","W"
"KH10","","","","","C","","","","","","","","","C","W","","","C","W"
"KH33","","","","C","C","C","","C","C","","","","","C","W","","","C","W"
"KH35","","C","","","","","","","","","","","","C","W","","","C","W"
"KH52","","","","C","C","C","C","C","","","","","","C","W","","","C","W"
"KH66","","","","C","","","","","","","","","","C","W","","","C","W"
"KH79","","","","","","","","C","","","","","","C","W","","","C","W"
"KH81","","","","","","","C","","","","","","","C","W","","","C","W"
"KI00","","","","C","C","","C","C","","","","","","C","W","","","C","W"
"KI46","","","","","C","","","","","","","","","C","W","","","C","W"
"KI58","","","C","C","C","C","","C","","","","","","C","W","","","C","W"
"KI67","","","","","","","","C","","","","","","C","W","","","C","W"
"KI88","","","","C","","C","C","","","","","","","C","W","","","C","W"
"KI91","","","","","","","","C","","","","","","C","W","","","C","W"
"KI93","","","","","","C","C","C","","","","","","C","W","","","C","W"
"KJ54","","","","","C","","C","C","","","","","","C","W","","","C","W"
"KJ60","","","","C","","","C","C","","","","","","C","W","","","C","W"
"KK65","","C","C","C","C","","C","","","C","","","","C","W","","","C","W"
"KL74","","","C","C","C","C","C","","","","","","","C","W","","","C","W"
"KL76","","C","C","C","C","C","","","","","","","","C","W","","","C","W"
"KL91","","C","","C","","","","C","","","","","","C","W","","","C","W"
"KM06","","","","","","","","C","C","","","","","C","W","","","C","W"
"KM08","","C","C","C","","C","","","","","","","","C","W","","","C","W"
"KM17","","","","","","","","","C","","","","","C","W","","","C","W"
"KM18","","C","","","","","","C","","C","","","","C","W","","","C","W"
"KM25","","C","C","C","C","C","","C","","","","","","C","W","","","C","W"
"KM37","","C","","","","","","","","","","","","C","W","","","C","W"
"KM46","","C","","","","","","","","","","","","C","W","","","C","W"
"KM50","","C","","","","","","","","","","","","C","W","","","C","W"
"KM64","","C","C","C","C","","","C","","","","","","C","W","","","C","W"
"KM65","","","C","C","C","C","","C","C","","","","","C","W","","","C","W"
"KM66","","","","","","","C","","","","","","","C","W","","","C","W"
"KM69","","","","","","C","","","","","","","","C","W","","","C","W"
"KM71","","C","","","","C","","C","","C","","","","C","W","","","C","W"
"KM72","","","C","C","C","C","","C","C","","","","","C","W","","","C","W"
"KM73","","C","","C","","","","","","","","","","C","W","","","C","W"
"KM74","","C","C","C","","","","","","","","","","C","W","","","C","W"
"KN00","","C","","","","","","C","","","","","","C","W","","","C","W"
"KN01","","C","","C","","","","","","","","","","C","W","","","C","W"
"KN03","","C","","C","","C","","","C","","","","","C","W","","","C","W"
"KN04","","C","","C","","C","","C","","","","","","C","W","","","C","W"
"KN06","","","","C","","C","","C","C","","","","","C","W","","","C","W"
"KN07","","C","","","","C","","C","C","","","","","C","W","","","C","W"
"KN08","","C","C","","C","","","","","","","","","C","W","","","C","W"
"KN09","","","","","","","","C","","","","","","C","W","","","C","W"
"KN10","","C","","","C","C","","","","","","","","C","W","","","C","W"
"KN11","","","","","","","","","C","","","","","C","W","","","C","W"
"KN12","","C","C","C","C","C","","C","C","","","","","C","W","","","C","W"
"KN13","","","","C","","","","","","","","","","C","W","","","C","W"
"KN20","","","","","C","C","C","C","","","","","","C","W","","","C","W"
"KN22","","C","C","C","C","C","","","","","","","","C","W","","","C","W"
"KN23","","C","","","","","","","","","","","","C","W","","","C","W"
"KN25","","C","","","","","","","","","","","","C","W","","","C","W"
"KN30","","C","C","C","","","","","","","","","","C","W","","","C","W"
"KN33","","","","C","","","","C","","","","","","C","W","","","C","W"
"KN34","","C","","C","C","C","","C","","","","","","C","W","","","C","W"
"KN35","","","C","","","","","","","","","","","C","W","","","C","W"
"KN38","","C","","C","","C","","","","","","","","C","W","","","C","W"
"KN44","","","","","C","","","","","","","","","C","W","","","C","W"
"KN45","","C","","C","","","","C","","","","","","C","W","","","C","W"
"KN47","","C","","C","C","","C","","","","","","","C","W","","","C","W"
"KN48","","","","","","C","","C","","","","","","C","W","","","C","W"
"KN56","","C","","","","C","","","","","","","","C","W","","","C","W"
"KN64","","","","","","","C","C","","","","","","C","W","","","C","W"
"KN66","","","","","","","","C","","","","","","C","W","","","C","W"
"KN69","","","","C","","","","","","","","","","C","W","","","C","W"
"KN74","","","C","","","","","C","","","","","","C","W","","","C","W"
"KN77","","C","","C","","C","","C","C","","","","","C","W","","","C","W"
"KN78","","C","","","","C","","C","","","","","","C","W","","","C","W"
"KN84","","C","","","","C","","","C","","","","","C","W","","","C","W"
"KN85","","","","","","","","C","","","","","","C","W","","","C","W"
"KN87","","","","C","","","","","","","","","","C","W","","","C","W"
"KN95","","C","","","","","","C","","","","","","C","W","","","C","W"
"KN97","","C","","","","C","","C","","C","","","","C","W","","","C","W"
"KN98","","","","","","C","","","","","","","","C","W","","","C","W"
"KN99","","","","C","C","","","","","","","","","C","W","","","C","W"
"KO02","","","","C","","","","","C","","","","","C","W","","","C","W"
"KO03","","","","","","C","","","","","","","","C","W","","","C","W"
"KO04","","C","C","C","C","","","","","","","","","C","W","","","C","W"
"KO07","","C","","C","","C","","","C","","","","","C","W","","","C","W"
"KO10","","C","","","","","","","","","","","","C","W","","","C","W"
"KO11","","","","C","","","","","","","","","","C","W","","","C","W"
"KO14","","C","C","C","C","C","C","","C","","","","","C","W","","","C","W"
"KO15","","","","","","","","C","","","","","","C","W","","","C","W"
"KO16","","","","","","C","","","","","","","","C","W","","","C","W"
"KO24","","","","","","C","","","","C","","","","C","W","","","C","W"
"KO25","","","","C","","C","","C","C","","","","","C","W","","","C","W"
"KO26","","C","C","C","C","C","","","","","","","","C","W","","","C","W"
"KO29","","C","C","","","C","","C","","","","","","C","W","","","C","W"
"KO33","","C","","","","C","","","C","","","","","C","W","","","C","W"
"KO37","","","","","","","","C","","","","","","C","W","","","C","W"
"KO38","","C","","C","","C","","C","","C","","","","C","W","","","C","W"
"KO40","","","","","","","","","C","","","","","C","W","","","C","W"
"KO42","","C","","","","","","","","","","","","C","W","","","C","W"
"KO43","","","","","C","","","","","","","","","C","W","","","C","W"
"KO50","","C","","C","C","C","","C","C","C","","","","C","W","","","C","W"
"KO53","","C","","","","","C","","","","","","","C","W","","","C","W"
"KO59","","","C","","","","","","C","","","","","C","W","","","C","W"
"KO70","","","","","","","C","","","","","","","C","W","","","C","W"
"KO80","","","","","","","","C","","","","","","C","W","","","C","W"
"KO82","","C","C","","","","","","","","","","","C","W","","","C","W"
"KO85","","","","","","C","","C","C","","","","","C","W","","","C","W"
"KO86","","","","","","","","","C","","","","","C","W","","","C","W"
"KO91","","","","C","C","C","","","","","","","","C","W","","","C","W"
"KO95","","C","","C","","","","","","","","","","C","W","","","C","W"
"KP00","","","","","C","","","","","C","","","","C","W","","","C","W"
"KP01","C","","","C","","C","","","","","","","","C","W","","","C","W"
"KP03","","","","C","","","","","","C","","","","C","W","","","C","W"
"KP04","","","","C","","C","","C","","","","","","C","W","","","C","W"
"KP05","","","","","","","","","C","","","","","C","W","","","C","W"
"KP10","","","","","","C","","","","","","","","C","W","","","C","W"
"KP11","","","","","","","","C","","","","","","C","W","","","C","W"
"KP12","","C","","","","C","","","","","","","","C","W","","","C","W"
"KP20","C","C","","C","","","","","","","","","","C","W","","","C","W"
"KP21","","","C","","","","","","","C","","","","C","W","","","C","W"
"KP25","","","","","","C","","","","","","","","C","W","","","C","W"
"KP30","","","","C","","C","","","","","","","","C","W","","","C","W"
"KP42","","","","","","C","","","","","","","","C","W","","","C","W"
"LG89","","","C","C","C","C","","","","","","","","C","W","","","C","W"
"LH18","","","C","","C","C","","","","","","","","C","W","","","C","W"
"LH27","","","","","C","","","","","","","","","C","W","","","C","W"
"LH31","","","","","C","","","C","","","","","","C","W","","","C","W"
"LH43","","C","C","C","C","","C","C","","","","","","C","W","","","C","W"
"LH93","","","","","C","C","C","C","C","","","","","C","W","","","C","W"
"LI75","","","","","","","","C","","","","","","C","W","","","C","W"
"LK11","","","","C","","","","","","","","","","C","W","","","C","W"
"LL34","","C","C","C","C","","","","","","","","","C","W","","","C","W"
"LL39","","C","C","C","C","C","C","C","C","","","","","C","W","","","C","W"
"LL55","","C","C","C","C","","","C","","","","","","C","W","","","C","W"
"LL56","","C","C","C","C","C","","C","","","","","","C","W","","","C","W"
"LL75","","C","","C","C","C","","C","","","","","","C","W","","","C","W"
"LL93","","C","C","C","","C","","C","","","","","","C","W","","","C","W"
"LM23","","C","C","C","","","","","","","","","","C","W","","","C","W"
"LM25","","C","","","","","","","","","","","","C","W","","","C","W"
"LM39","","C","C","","","C","","","","","","","","C","W","","","C","W"
"LN04","","C","","","C","C","","","","","","","","C","W","","","C","W"
"LN12","","","","","","C","","C","","","","","","C","W","","","C","W"
"LN14","","C","","","","","","","","","","","","C","W","","","C","W"
"LN23","","","","C","","","","","","","","","","C","W","","","C","W"
"LN40","","","C","C","C","","","","","","","","","C","W","","","C","W"
"LO00","","C","","","","","","","","","","","","C","W","","","C","W"
"LO44","","","","","","C","","","","","","","","C","W","","","C","W"
"LO48","","","","","C","","","","","","","","","C","W","","","C","W"
"LO53","","","C","","","","","","","","","","","C","W","","","C","W"
"LO64","","","","C","","C","","","","","","","","C","W","","","C","W"
"LO87","","","","","","C","","","","","","","","C","W","","","C","W"
"LO88","","","","","","","C","","","","","","","C","W","","","C","W"
"LR90","","C","C","C","C","C","C","C","","","","","","C","W","","","C","W"
"ME40","","","","","","C","C","C","","","","","","C","W","","","C","W"
"MH10","","","","","C","C","C","C","","","","","","C","W","","","C","W"
"MI62","","C","C","C","C","C","C","","C","","","","","C","W","","","C","W"
"MJ63","","","","","C","C","","","","","","","","C","W","","","C","W"
"MK69","","","","C","","","","","","","","","","C","W","","","C","W"
"MK72","","","","","C","C","","","","","","","","C","W","","","C","W"
"MM21","","C","C","C","","C","","","","","","","","C","W","","","C","W"
"MM48","","C","","","","C","","","","","","","","C","W","","","C","W"
"MN72","","","","C","","C","","","","","","","","C","W","","","C","W"
"MO04","","","","C","","C","","","","","","","","C","W","","","C","W"
"MO05","","","","","","C","","","","","","","","C","W","","","C","W"
"MO06","","","","","C","C","","C","","","","","","C","W","","","C","W"
"MO12","","","","","","C","","","","","","","","C","W","","","C","W"
"MO27","","","","","","C","","C","","","","","","C","W","","","C","W"
"MO52","","","","","C","","","","","","","","","C","W","","","C","W"
"MO64","","","","","","C","","","","","","","","C","W","","","C","W"
"MO65","","","","","","C","","","","","","","","C","W","","","C","W"
"MP73","","","","","","C","","","","","","","","C","W","","","C","W"
"NH87","","C","C","C","C","","","","","","","","","C","W","","","C","W"
"NJ56","","","","C","","C","","","","","","","","C","W","","","C","W"
"NK61","","","","","C","","","","","","","","","C","W","","","C","W"
"NL44","","","","","","C","","","","","","","","C","W","","","C","W"
"NL47","","","C","","","","","","","","","","","C","W","","","C","W"
"NN19","","","","C","C","C","","","","","","","","C","W","","","C","W"
"NO56","","","","C","","C","","","","","","","","C","W","","","C","W"
"NO66","","","","","","C","C","C","","","","","","C","W","","","C","W"
"NO71","","","","C","","C","","","","","","","","C","W","","","C","W"
"NO75","","","","","","C","","","","","","","","C","W","","","C","W"
"NO76","","","","C","","","","","","","","","","C","W","","","C","W"
"NP49","","C","","C","","C","","","","","","","","C","W","","","C","W"
"OB31","","","","","C","","","","","","","","","C","W","","","C","W"
"OF77","","","C","","","","","","","","","","","C","W","","","C","W"
"OI27","","","","C","","C","","","","","","","","C","W","","","C","W"
"OI32","","C","","","","C","","","","","","","","C","W","","","C","W"
"OI33","","","C","C","C","","","","","","","","","C","W","","","C","W"
"OI94","","","","C","","C","","","","","","","","C","W","","","C","W"
"OJ03","","","","","","C","","","","","","","","C","W","","","C","W"
"OJ05","","","","C","C","C","","","","","","","","C","W","","","C","W"
"OJ64","","","","C","","","","","","","","","","C","W","","","C","W"
"OJ75","","","","C","","","","","","","","","","C","W","","","C","W"
"OJ85","","C","C","C","C","C","","","","","","","","C","W","","","C","W"
"OK03","","","","","","C","","","","","","","","C","W","","","C","W"
"OK20","","","","C","","","","","","","","","","C","W","","","C","W"
"OL21","","C","","","","","","","","","","","","C","W","","","C","W"
"OL72","","C","","","","","","","","","","","","C","W","","","C","W"
"OL73","","C","","","","","","","","","","","","C","W","","","C","W"
"OL86","","","","C","","","","","","","","","","C","W","","","C","W"
"OM89","","","","C","C","","","","","","","","","C","W","","","C","W"
"OO12","","","","C","","C","","","","","","","","C","W","","","C","W"
"OP55","","","","C","","C","","C","","","","","","C","W","","","C","W"
"PI21","","","","","","","","C","","","","","","C","W","","","C","W"
"PJ77","","","","C","","","C","","","","","","","C","W","","","C","W"
"PK04","","C","","","","","","","","","","","","C","W","","","C","W"
"PK05","","C","","C","C","","","","","","","","","C","W","","","C","W"
"PK31","","","","","","C","","","","","","","","C","W","","","C","W"
"PL04","","C","","","","","","","","","","","","C","W","","","C","W"
"PL05","","","","C","C","","","","","","","","","C","W","","","C","W"
"PM36","","","","C","","","","","","","","","","C","W","","","C","W"
"PM45","","","","C","","","","","","","","","","C","W","","","C","W"
"PM46","","C","","","","C","","","","","","","","C","W","","","C","W"
"PM47","","","","C","","","","","","","","","","C","W","","","C","W"
"PM52","","C","","C","","","","","","","","","","C","W","","","C","W"
"PM63","","C","","C","","C","","","","","","","","C","W","","","C","W"
"PM64","","C","","C","C","C","","","C","","","","","C","W","","","C","W"
"PM74","","C","","C","","C","","C","","","","","","C","W","","","C","W"
"PM75","","C","","","","","","","","","","","","C","W","","","C","W"
"PM84","","C","","C","","C","","","C","C","","","","C","W","","","C","W"
"PM85","","","C","C","C","","","","","","","","","C","W","","","C","W"
"PM86","","C","","","","","","","","","","","","C","W","","","C","W"
"PM91","","C","","","","","","","","","","","","C","W","","","C","W"
"PM94","","","","C","","C","","","","","","","","C","W","","","C","W"
"PM95","","C","","C","","C","","C","C","","","","","C","W","","","C","W"
"PM96","","C","C","C","","","","","C","","","","","C","W","","","C","W"
"PN63","","","C","","C","","","","","","","","","C","W","","","C","W"
"PN78","","","","C","","","","","C","","","","","C","W","","","C","W"
"PP42","","","C","","","C","","","","","","","","C","W","","","C","W"
"QE37","","","","","","C","","","","","","","","C","W","","","C","W"
"QE38","","","","","","C","","","","","","","","C","W","","","C","W"
"QF56","","C","","","","","","","","","","","","C","W","","","C","W"
"QF98","","","","","C","","C","C","","","","","","C","W","","","C","W"
"QG62","","","","","","C","","","","","","","","C","W","","","C","W"
"QG63","","","","C","","C","","","","","","","","C","W","","","C","W"
"QG64","","C","C","C","C","C","","C","","","","","","C","W","","","C","W"
"QH43","","","","C","C","","C","C","C","","","","","C","W","","","C","W"
"QH72","","","","","","C","C","","","C","","","","C","W","","","C","W"
"QH90","","","","","","","C","","","C","","","","C","W","","","C","W"
"QI57","","C","C","","","","","","","","","","","C","W","","","C","W"
"QJ73","","","","","","","","C","","","","","","C","W","","","C","W"
"QJ96","","","","","","","C","","","","","","","C","W","","","C","W"
"QK23","","C","C","C","C","C","","C","C","","","","","C","W","","","C","W"
"QK24","","","","","","","","","C","","","","","C","W","","","C","W"
"QK25","","","","C","C","","","","","","","","","C","W","","","C","W"
"QM05","","C","","C","","C","","","","","","","","C","W","","","C","W"
"QM06","","","","","","C","","C","","","","","","C","W","","","C","W"
"QM09","","","","","","C","","","","","","","","C","W","","","C","W"
"QN03","","","","","","C","","","","","","","","C","W","","","C","W"
"QN16","","C","","C","","","","","","","","","","C","W","","","C","W"
"QO59","","C","","","C","C","","","","","","","","C","W","","","C","W"
"RE43","","","","","C","","","","","","","","","C","W","","","C","W"
"RE54","","C","","","C","","","","","","","","","C","W","","","C","W"
"RE78","","C","","C","","C","","C","","","","","","C","W","","","C","W"
"RF70","","","","C","","","","","","","","","","C","W","","","C","W"
"RF72","","C","C","C","C","C","C","C","","","","","","C","W","","","C","W"
"RF73","","C","","C","","C","","C","","","","","","C","W","","","C","W"
"RF80","","C","","C","","C","","","","","","","","C","W","","","C","W"
"RF81","","","","C","","C","","","","","","","","C","W","","","C","W"
"RG30","","","","C","C","","","","","","","","","C","W","","","C","W"
"RG37","","C","C","","","C","","","","","","","","C","W","","","C","W"
"RG78","","","C","C","C","","","C","","","","","","C","W","","","C","W"
"RH38","","","","","","C","","C","","","","","","C","W","","","C","W"
"RH39","","","C","C","","","","","","","","","","C","W","","","C","W"
"RH42","","","C","C","C","","","C","","","","","","C","W","","","C","W"
"RH82","","","","","","","C","","","","","","","C","W","","","C","W"
"RH87","","C","C","C","","C","","C","C","","","","","C","W","","","C","W"
"RH93","","","","C","","","","","","","","","","C","W","","","C","W"
"RI91","","C","C","C","C","","","","","","","","","C","W","","","C","W"
"RJ39","","","","C","C","","","","","","","","","C","W","","","C","W"
"RJ61","","","C","C","C","","","C","","","","","","C","W","","","C","W"
"RK39","","","","C","","","","","","","","","","C","W","","","C","W"
